{
	"info": {
		"_postman_id": "88cf2c2d-80c6-47e1-a35e-3fcaa9effdd7",
		"name": "Task App",
		"description": "Nodejs Task App",
		"schema": "https://schema.getpostman.com/json/collection/v2.1.0/collection.json"
	},
	"item": [
		{
			"name": "Create User",
			"event": [
				{
					"listen": "test",
					"script": {
						"id": "91577ae5-468d-4c9a-90ae-981ba5dad1e9",
						"exec": [
							"if(pm.response.code === 201){",
							"    pm.environment.set('authToken', pm.response.json().token);",
							"}"
						],
						"type": "text/javascript"
					}
				}
			],
			"request": {
				"method": "POST",
				"header": [
					{
						"key": "Content-Type",
						"name": "Content-Type",
						"value": "application/json",
						"type": "text"
					}
				],
				"body": {
					"mode": "raw",
					"raw": "{\n\t\"name\" : \"Madhu Sharma\",\n\t\"email\" : \"madhus2786@gmail.com\",\n\t\"age\" : 30,\n\t\"password\" : \"12345678\"\n}"
				},
				"url": {
					"raw": "{{url}}/users",
					"host": [
						"{{url}}"
					],
					"path": [
						"users"
					]
				}
			},
			"response": []
		},
		{
			"name": "Create Task",
			"request": {
				"method": "POST",
				"header": [
					{
						"key": "Content-Type",
						"name": "Content-Type",
						"value": "application/json",
						"type": "text"
					}
				],
				"body": {
					"mode": "raw",
					"raw": "{\n\t\"description\" : \"forth\",\n\t\"completed\" : false\n}"
				},
				"url": {
					"raw": "{{url}}/tasks",
					"host": [
						"{{url}}"
					],
					"path": [
						"tasks"
					]
				}
			},
			"response": []
		},
		{
			"name": "Read Users",
			"request": {
				"method": "GET",
				"header": [],
				"body": {
					"mode": "raw",
					"raw": ""
				},
				"url": {
					"raw": "{{url}}/users/",
					"host": [
						"{{url}}"
					],
					"path": [
						"users",
						""
					]
				}
			},
			"response": []
		},
		{
			"name": "Read Tasks",
			"request": {
				"method": "GET",
				"header": [],
				"body": {
					"mode": "raw",
					"raw": ""
				},
				"url": {
					"raw": "{{url}}/tasks?sortby=createdAt:asc",
					"host": [
						"{{url}}"
					],
					"path": [
						"tasks"
					],
					"query": [
						{
							"key": "sortby",
							"value": "createdAt:asc"
						}
					]
				}
			},
			"response": []
		},
		{
			"name": "Read Single User",
			"request": {
				"method": "GET",
				"header": [],
				"body": {
					"mode": "raw",
					"raw": ""
				},
				"url": {
					"raw": "{{url}}/users/5ce66fb8b33a9213ad609e09",
					"host": [
						"{{url}}"
					],
					"path": [
						"users",
						"5ce66fb8b33a9213ad609e09"
					]
				}
			},
			"response": []
		},
		{
			"name": "Read User Profile",
			"request": {
				"method": "GET",
				"header": [],
				"body": {
					"mode": "raw",
					"raw": ""
				},
				"url": {
					"raw": "{{url}}/users/me",
					"host": [
						"{{url}}"
					],
					"path": [
						"users",
						"me"
					]
				}
			},
			"response": []
		},
		{
			"name": "Read Single Task",
			"request": {
				"method": "GET",
				"header": [],
				"body": {
					"mode": "raw",
					"raw": ""
				},
				"url": {
					"raw": "{{url}}/tasks/5cead5ccdfc8ec1548c7fbe9",
					"host": [
						"{{url}}"
					],
					"path": [
						"tasks",
						"5cead5ccdfc8ec1548c7fbe9"
					]
				}
			},
			"response": []
		},
		{
			"name": "Update User",
			"request": {
				"method": "PATCH",
				"header": [
					{
						"key": "Content-Type",
						"name": "Content-Type",
						"value": "application/json",
						"type": "text"
					}
				],
				"body": {
					"mode": "raw",
					"raw": "{\n\t\"name\" : \"Jessica\"\n}"
				},
				"url": {
					"raw": "{{url}}/users/me",
					"host": [
						"{{url}}"
					],
					"path": [
						"users",
						"me"
					]
				}
			},
			"response": []
		},
		{
			"name": "Update Task",
			"request": {
				"method": "PATCH",
				"header": [
					{
						"key": "Content-Type",
						"name": "Content-Type",
						"value": "application/json",
						"type": "text"
					}
				],
				"body": {
					"mode": "raw",
					"raw": "{\n\t\"completed\" : true\n}"
				},
				"url": {
					"raw": "{{url}}/tasks/5cead6d6dce46e16163cecea",
					"host": [
						"{{url}}"
					],
					"path": [
						"tasks",
						"5cead6d6dce46e16163cecea"
					]
				}
			},
			"response": []
		},
		{
			"name": "Delete User",
			"request": {
				"method": "DELETE",
				"header": [],
				"body": {
					"mode": "raw",
					"raw": ""
				},
				"url": {
					"raw": "{{url}}/users/me",
					"host": [
						"{{url}}"
					],
					"path": [
						"users",
						"me"
					]
				}
			},
			"response": []
		},
		{
			"name": "Delete Task",
			"request": {
				"method": "DELETE",
				"header": [],
				"body": {
					"mode": "raw",
					"raw": ""
				},
				"url": {
					"raw": "{{url}}/tasks/5cead6d6dce46e16163cecea",
					"host": [
						"{{url}}"
					],
					"path": [
						"tasks",
						"5cead6d6dce46e16163cecea"
					]
				}
			},
			"response": []
		},
		{
			"name": "User Login",
			"event": [
				{
					"listen": "test",
					"script": {
						"id": "87ab1189-3966-4cc7-b353-638577cfab5f",
						"exec": [
							"if(pm.response.code === 200){",
							"    pm.environment.set('authToken', pm.response.json().token);",
							"}"
						],
						"type": "text/javascript"
					}
				}
			],
			"request": {
				"auth": {
					"type": "noauth"
				},
				"method": "POST",
				"header": [
					{
						"key": "Content-Type",
						"name": "Content-Type",
						"value": "application/json",
						"type": "text"
					}
				],
				"body": {
					"mode": "raw",
					"raw": "{\n\t\"email\" : \"madhus2786@gmail.com\",\n\t\"password\" : \"12345678\"\n}"
				},
				"url": {
					"raw": "{{url}}/users/login",
					"host": [
						"{{url}}"
					],
					"path": [
						"users",
						"login"
					]
				}
			},
			"response": []
		},
		{
			"name": "User Logout",
			"request": {
				"method": "POST",
				"header": [],
				"body": {
					"mode": "raw",
					"raw": ""
				},
				"url": {
					"raw": "{{url}}/users/logout",
					"host": [
						"{{url}}"
					],
					"path": [
						"users",
						"logout"
					]
				}
			},
			"response": []
		},
		{
			"name": "User Logout All Sessions",
			"request": {
				"method": "POST",
				"header": [],
				"body": {
					"mode": "raw",
					"raw": ""
				},
				"url": {
					"raw": "{{url}}/users/logoutAll",
					"host": [
						"{{url}}"
					],
					"path": [
						"users",
						"logoutAll"
					]
				}
			},
			"response": []
		},
		{
			"name": "Upload User Avatar",
			"request": {
				"method": "POST",
				"header": [],
				"body": {
					"mode": "formdata",
					"formdata": [
						{
							"key": "avatar",
							"type": "file",
							"src": ""
						}
					]
				},
				"url": {
					"raw": "{{url}}/users/me/avatar",
					"host": [
						"{{url}}"
					],
					"path": [
						"users",
						"me",
						"avatar"
					]
				}
			},
			"response": []
		},
		{
			"name": "Delete User Avatar",
			"request": {
				"method": "DELETE",
				"header": [],
				"body": {
					"mode": "raw",
					"raw": ""
				},
				"url": {
					"raw": "{{url}}/users/me/avatar/delete",
					"host": [
						"{{url}}"
					],
					"path": [
						"users",
						"me",
						"avatar",
						"delete"
					]
				}
			},
			"response": []
		},
		{
			"name": "Read User Avatar",
			"request": {
				"method": "GET",
				"header": [],
				"body": {
					"mode": "raw",
					"raw": ""
				},
				"url": {
					"raw": "{{url}}/users/5ceae898712ef62711b7a2b1/avatar",
					"host": [
						"{{url}}"
					],
					"path": [
						"users",
						"5ceae898712ef62711b7a2b1",
						"avatar"
					]
				}
			},
			"response": []
		}
	],
	"auth": {
		"type": "bearer",
		"bearer": [
			{
				"key": "token",
				"value": "{{authToken}}",
				"type": "string"
			}
		]
	},
	"event": [
		{
			"listen": "prerequest",
			"script": {
				"id": "2dcc10ad-27f7-4403-8810-14cb683d67be",
				"type": "text/javascript",
				"exec": [
					""
				]
			}
		},
		{
			"listen": "test",
			"script": {
				"id": "4ce74bd8-3dc6-44f1-af49-3606c5aa0b53",
				"type": "text/javascript",
				"exec": [
					""
				]
			}
		}
	]
}